{
"meta":{"test_sets":[],"test_metrics":[],"learn_metrics":[{"best_value":"Min","name":"Logloss"}],"launch_mode":"Train","parameters":"","iteration_count":200,"learn_sets":["learn"],"name":"experiment"},
"iterations":[
{"learn":[0.5061711752],"iteration":0,"passed_time":0.04469152666,"remaining_time":8.893613806},
{"learn":[0.406022492],"iteration":1,"passed_time":0.08327761642,"remaining_time":8.244484026},
{"learn":[0.3487447271],"iteration":2,"passed_time":0.1217977763,"remaining_time":7.998053974},
{"learn":[0.3085447044],"iteration":3,"passed_time":0.1590571276,"remaining_time":7.793799251},
{"learn":[0.2711472523],"iteration":4,"passed_time":0.2006166431,"remaining_time":7.82404908},
{"learn":[0.2581820192],"iteration":5,"passed_time":0.248204745,"remaining_time":8.025286754},
{"learn":[0.2431857501],"iteration":6,"passed_time":0.2878941553,"remaining_time":7.93765314},
{"learn":[0.2296561095],"iteration":7,"passed_time":0.3348886591,"remaining_time":8.037327819},
{"learn":[0.2231352015],"iteration":8,"passed_time":0.3879079134,"remaining_time":8.232267939},
{"learn":[0.2164617034],"iteration":9,"passed_time":0.4287672917,"remaining_time":8.146578542},
{"learn":[0.2100172469],"iteration":10,"passed_time":0.4672686271,"remaining_time":8.028524594},
{"learn":[0.2054292042],"iteration":11,"passed_time":0.5033705805,"remaining_time":7.886139094},
{"learn":[0.2031833861],"iteration":12,"passed_time":0.5413803399,"remaining_time":7.787547966},
{"learn":[0.1996018066],"iteration":13,"passed_time":0.5807305796,"remaining_time":7.715420557},
{"learn":[0.1965997633],"iteration":14,"passed_time":0.6175364602,"remaining_time":7.616283009},
{"learn":[0.1937240997],"iteration":15,"passed_time":0.6548936761,"remaining_time":7.531277275},
{"learn":[0.1920756261],"iteration":16,"passed_time":0.6928054808,"remaining_time":7.457847234},
{"learn":[0.1903281411],"iteration":17,"passed_time":0.740130486,"remaining_time":7.483541581},
{"learn":[0.1883441422],"iteration":18,"passed_time":0.794282741,"remaining_time":7.566588217},
{"learn":[0.1869764833],"iteration":19,"passed_time":0.8373207709,"remaining_time":7.535886938},
{"learn":[0.1848111906],"iteration":20,"passed_time":0.8738922319,"remaining_time":7.448890929},
{"learn":[0.1827814028],"iteration":21,"passed_time":0.911987248,"remaining_time":7.378805916},
{"learn":[0.1817804789],"iteration":22,"passed_time":0.9498494365,"remaining_time":7.309710881},
{"learn":[0.1795770318],"iteration":23,"passed_time":0.988574087,"remaining_time":7.249543304},
{"learn":[0.1780550978],"iteration":24,"passed_time":1.020061394,"remaining_time":7.140429755},
{"learn":[0.1770875556],"iteration":25,"passed_time":1.061509134,"remaining_time":7.103945743},
{"learn":[0.1759212919],"iteration":26,"passed_time":1.093764438,"remaining_time":7.008194363},
{"learn":[0.1750905207],"iteration":27,"passed_time":1.130485456,"remaining_time":6.944410661},
{"learn":[0.1745203435],"iteration":28,"passed_time":1.168752316,"remaining_time":6.891608483},
{"learn":[0.1739148734],"iteration":29,"passed_time":1.20977083,"remaining_time":6.855368036},
{"learn":[0.1735174693],"iteration":30,"passed_time":1.246970918,"remaining_time":6.798002749},
{"learn":[0.1727795646],"iteration":31,"passed_time":1.286275827,"remaining_time":6.752948091},
{"learn":[0.1716540038],"iteration":32,"passed_time":1.324408561,"remaining_time":6.702309992},
{"learn":[0.1710089351],"iteration":33,"passed_time":1.363422617,"remaining_time":6.656710425},
{"learn":[0.1702087411],"iteration":34,"passed_time":1.403176897,"remaining_time":6.614976799},
{"learn":[0.1696655155],"iteration":35,"passed_time":1.440326964,"remaining_time":6.561489504},
{"learn":[0.1689555776],"iteration":36,"passed_time":1.478739687,"remaining_time":6.514447812},
{"learn":[0.1685189805],"iteration":37,"passed_time":1.517858938,"remaining_time":6.470872317},
{"learn":[0.1678872668],"iteration":38,"passed_time":1.550007458,"remaining_time":6.398748738},
{"learn":[0.1670457256],"iteration":39,"passed_time":1.585629905,"remaining_time":6.342519622},
{"learn":[0.1663105143],"iteration":40,"passed_time":1.627104901,"remaining_time":6.309992176},
{"learn":[0.1660173612],"iteration":41,"passed_time":1.663389818,"remaining_time":6.257514076},
{"learn":[0.1657459404],"iteration":42,"passed_time":1.701626436,"remaining_time":6.212915127},
{"learn":[0.1651463699],"iteration":43,"passed_time":1.748683986,"remaining_time":6.199879588},
{"learn":[0.1647578932],"iteration":44,"passed_time":1.792987871,"remaining_time":6.17584711},
{"learn":[0.1641343915],"iteration":45,"passed_time":1.852601062,"remaining_time":6.202186164},
{"learn":[0.1637107713],"iteration":46,"passed_time":1.893804935,"remaining_time":6.164939469},
{"learn":[0.1634450223],"iteration":47,"passed_time":1.937316201,"remaining_time":6.134834636},
{"learn":[0.1628014904],"iteration":48,"passed_time":1.983517919,"remaining_time":6.112473587},
{"learn":[0.1625146026],"iteration":49,"passed_time":2.023748443,"remaining_time":6.071245329},
{"learn":[0.1620380122],"iteration":50,"passed_time":2.063286099,"remaining_time":6.028031936},
{"learn":[0.161769183],"iteration":51,"passed_time":2.104134167,"remaining_time":5.988689553},
{"learn":[0.1614441324],"iteration":52,"passed_time":2.141376619,"remaining_time":5.939289867},
{"learn":[0.1610866741],"iteration":53,"passed_time":2.183383103,"remaining_time":5.903220983},
{"learn":[0.1607610861],"iteration":54,"passed_time":2.222114644,"remaining_time":5.858302244},
{"learn":[0.1605063613],"iteration":55,"passed_time":2.264402909,"remaining_time":5.822750338},
{"learn":[0.1603372384],"iteration":56,"passed_time":2.312861624,"remaining_time":5.80244232},
{"learn":[0.1599240317],"iteration":57,"passed_time":2.343813044,"remaining_time":5.7383009},
{"learn":[0.1596487439],"iteration":58,"passed_time":2.382934861,"remaining_time":5.694810432},
{"learn":[0.1592252731],"iteration":59,"passed_time":2.42731808,"remaining_time":5.663742186},
{"learn":[0.1590752198],"iteration":60,"passed_time":2.462903903,"remaining_time":5.612190861},
{"learn":[0.1588007056],"iteration":61,"passed_time":2.501200646,"remaining_time":5.567188536},
{"learn":[0.1586485763],"iteration":62,"passed_time":2.537041332,"remaining_time":5.517058135},
{"learn":[0.1582680916],"iteration":63,"passed_time":2.572782365,"remaining_time":5.467162526},
{"learn":[0.158136814],"iteration":64,"passed_time":2.616631451,"remaining_time":5.434542245},
{"learn":[0.1579724167],"iteration":65,"passed_time":2.652421524,"remaining_time":5.385219458},
{"learn":[0.1577265056],"iteration":66,"passed_time":2.689649383,"remaining_time":5.339154745},
{"learn":[0.1575633471],"iteration":67,"passed_time":2.724867816,"remaining_time":5.28944929},
{"learn":[0.1573729359],"iteration":68,"passed_time":2.762355634,"remaining_time":5.244472291},
{"learn":[0.1571214012],"iteration":69,"passed_time":2.797803653,"remaining_time":5.19592107},
{"learn":[0.1569910556],"iteration":70,"passed_time":2.836978568,"remaining_time":5.154510355},
{"learn":[0.1568727686],"iteration":71,"passed_time":2.877508712,"remaining_time":5.115571043},
{"learn":[0.1566912993],"iteration":72,"passed_time":2.917871283,"remaining_time":5.076296616},
{"learn":[0.156438853],"iteration":73,"passed_time":2.958386056,"remaining_time":5.037251933},
{"learn":[0.156253362],"iteration":74,"passed_time":2.994764908,"remaining_time":4.991274847},
{"learn":[0.156105844],"iteration":75,"passed_time":3.030348687,"remaining_time":4.944253121},
{"learn":[0.1557176679],"iteration":76,"passed_time":3.071256912,"remaining_time":4.906033768},
{"learn":[0.1554557975],"iteration":77,"passed_time":3.125349136,"remaining_time":4.888366597},
{"learn":[0.1552654933],"iteration":78,"passed_time":3.160815588,"remaining_time":4.841249192},
{"learn":[0.1551609425],"iteration":79,"passed_time":3.197349322,"remaining_time":4.796023982},
{"learn":[0.1550433165],"iteration":80,"passed_time":3.237714393,"remaining_time":4.756642133},
{"learn":[0.1547894688],"iteration":81,"passed_time":3.271081026,"remaining_time":4.707165379},
{"learn":[0.1545662577],"iteration":82,"passed_time":3.316707656,"remaining_time":4.675358985},
{"learn":[0.1542319575],"iteration":83,"passed_time":3.371175627,"remaining_time":4.655433008},
{"learn":[0.154054688],"iteration":84,"passed_time":3.423911913,"remaining_time":4.632351412},
{"learn":[0.1539063658],"iteration":85,"passed_time":3.474338839,"remaining_time":4.605518926},
{"learn":[0.15378181],"iteration":86,"passed_time":3.520940462,"remaining_time":4.573175543},
{"learn":[0.1536731515],"iteration":87,"passed_time":3.56587672,"remaining_time":4.538388553},
{"learn":[0.1535912715],"iteration":88,"passed_time":3.602697438,"remaining_time":4.493251861},
{"learn":[0.1535208247],"iteration":89,"passed_time":3.641862118,"remaining_time":4.45116481},
{"learn":[0.1533647911],"iteration":90,"passed_time":3.682054649,"remaining_time":4.410373151},
{"learn":[0.1530209677],"iteration":91,"passed_time":3.727342821,"remaining_time":4.375576355},
{"learn":[0.1529295959],"iteration":92,"passed_time":3.775493368,"remaining_time":4.343847209},
{"learn":[0.152858087],"iteration":93,"passed_time":3.817314526,"remaining_time":4.304631274},
{"learn":[0.1526867768],"iteration":94,"passed_time":3.875143345,"remaining_time":4.283053171},
{"learn":[0.1526013083],"iteration":95,"passed_time":3.930584403,"remaining_time":4.258133104},
{"learn":[0.1524023465],"iteration":96,"passed_time":3.979662845,"remaining_time":4.225827557},
{"learn":[0.1523185108],"iteration":97,"passed_time":4.019407654,"remaining_time":4.183465109},
{"learn":[0.152183577],"iteration":98,"passed_time":4.079725392,"remaining_time":4.162144086},
{"learn":[0.1520438357],"iteration":99,"passed_time":4.123144794,"remaining_time":4.123144794},
{"learn":[0.1518205316],"iteration":100,"passed_time":4.160847059,"remaining_time":4.078454048},
{"learn":[0.1517078729],"iteration":101,"passed_time":4.204087319,"remaining_time":4.03922115},
{"learn":[0.1515755422],"iteration":102,"passed_time":4.241136519,"remaining_time":3.994080023},
{"learn":[0.1514767731],"iteration":103,"passed_time":4.279756023,"remaining_time":3.950544021},
{"learn":[0.1513548766],"iteration":104,"passed_time":4.322781415,"remaining_time":3.911087947},
{"learn":[0.1512804981],"iteration":105,"passed_time":4.360844804,"remaining_time":3.86716426},
{"learn":[0.1511420826],"iteration":106,"passed_time":4.395454192,"remaining_time":3.820348036},
{"learn":[0.1510880908],"iteration":107,"passed_time":4.440943545,"remaining_time":3.783025983},
{"learn":[0.1509377194],"iteration":108,"passed_time":4.476864191,"remaining_time":3.737565517},
{"learn":[0.1506975826],"iteration":109,"passed_time":4.510808643,"remaining_time":3.690661617},
{"learn":[0.1505803727],"iteration":110,"passed_time":4.552921182,"remaining_time":3.650540407},
{"learn":[0.1504738331],"iteration":111,"passed_time":4.589402153,"remaining_time":3.605958834},
{"learn":[0.1504211905],"iteration":112,"passed_time":4.626719036,"remaining_time":3.562164213},
{"learn":[0.1503308415],"iteration":113,"passed_time":4.669399132,"remaining_time":3.52252917},
{"learn":[0.1502224015],"iteration":114,"passed_time":4.715865277,"remaining_time":3.485639553},
{"learn":[0.1500983715],"iteration":115,"passed_time":4.757969901,"remaining_time":3.44542648},
{"learn":[0.1500273599],"iteration":116,"passed_time":4.798264648,"remaining_time":3.403897143},
{"learn":[0.1499785877],"iteration":117,"passed_time":4.832357337,"remaining_time":3.358078827},
{"learn":[0.1498566962],"iteration":118,"passed_time":4.870669117,"remaining_time":3.315329399},
{"learn":[0.1496817379],"iteration":119,"passed_time":4.910598202,"remaining_time":3.273732135},
{"learn":[0.149539802],"iteration":120,"passed_time":4.95765521,"remaining_time":3.236816211},
{"learn":[0.14941576],"iteration":121,"passed_time":4.995993303,"remaining_time":3.194159652},
{"learn":[0.1493151582],"iteration":122,"passed_time":5.035424518,"remaining_time":3.152257625},
{"learn":[0.1492332046],"iteration":123,"passed_time":5.072933354,"remaining_time":3.109217217},
{"learn":[0.1490785321],"iteration":124,"passed_time":5.148606055,"remaining_time":3.089163633},
{"learn":[0.148884704],"iteration":125,"passed_time":5.195104642,"remaining_time":3.051093203},
{"learn":[0.1488314867],"iteration":126,"passed_time":5.237902461,"remaining_time":3.010762832},
{"learn":[0.1487784601],"iteration":127,"passed_time":5.2747755,"remaining_time":2.967061219},
{"learn":[0.1486624516],"iteration":128,"passed_time":5.315256517,"remaining_time":2.925451261},
{"learn":[0.1485774429],"iteration":129,"passed_time":5.363478798,"remaining_time":2.888027045},
{"learn":[0.1485150851],"iteration":130,"passed_time":5.398868899,"remaining_time":2.843679038},
{"learn":[0.1484784565],"iteration":131,"passed_time":5.437010345,"remaining_time":2.800884117},
{"learn":[0.1483312757],"iteration":132,"passed_time":5.471568389,"remaining_time":2.756354001},
{"learn":[0.1482314646],"iteration":133,"passed_time":5.517039781,"remaining_time":2.717347952},
{"learn":[0.1481433421],"iteration":134,"passed_time":5.561038745,"remaining_time":2.677537173},
{"learn":[0.1481168722],"iteration":135,"passed_time":5.597283986,"remaining_time":2.634015993},
{"learn":[0.1480482098],"iteration":136,"passed_time":5.642345024,"remaining_time":2.594655011},
{"learn":[0.1479934097],"iteration":137,"passed_time":5.681188354,"remaining_time":2.552417956},
{"learn":[0.1478829073],"iteration":138,"passed_time":5.719342712,"remaining_time":2.509927377},
{"learn":[0.1477847829],"iteration":139,"passed_time":5.761336397,"remaining_time":2.46914417},
{"learn":[0.1477104741],"iteration":140,"passed_time":5.809943244,"remaining_time":2.431111003},
{"learn":[0.1476029592],"iteration":141,"passed_time":5.854008322,"remaining_time":2.391073821},
{"learn":[0.1475462202],"iteration":142,"passed_time":5.893358479,"remaining_time":2.349100932},
{"learn":[0.1474858895],"iteration":143,"passed_time":5.934194921,"remaining_time":2.307742469},
{"learn":[0.1474250185],"iteration":144,"passed_time":5.970166715,"remaining_time":2.264545995},
{"learn":[0.1473819092],"iteration":145,"passed_time":6.003716638,"remaining_time":2.220552729},
{"learn":[0.147358186],"iteration":146,"passed_time":6.036354592,"remaining_time":2.176372744},
{"learn":[0.1473086371],"iteration":147,"passed_time":6.074905846,"remaining_time":2.134426378},
{"learn":[0.1472815385],"iteration":148,"passed_time":6.108422963,"remaining_time":2.090802491},
{"learn":[0.1472506436],"iteration":149,"passed_time":6.140945915,"remaining_time":2.046981972},
{"learn":[0.1471659133],"iteration":150,"passed_time":6.191529169,"remaining_time":2.009171717},
{"learn":[0.1469989883],"iteration":151,"passed_time":6.229862594,"remaining_time":1.96732503},
{"learn":[0.1469557356],"iteration":152,"passed_time":6.26387809,"remaining_time":1.924197845},
{"learn":[0.146918705],"iteration":153,"passed_time":6.301377533,"remaining_time":1.882229653},
{"learn":[0.1468551487],"iteration":154,"passed_time":6.336498361,"remaining_time":1.839628556},
{"learn":[0.1468221992],"iteration":155,"passed_time":6.379949592,"remaining_time":1.799472962},
{"learn":[0.1467963365],"iteration":156,"passed_time":6.425059214,"remaining_time":1.759729594},
{"learn":[0.1467470584],"iteration":157,"passed_time":6.473795378,"remaining_time":1.720882316},
{"learn":[0.1467031566],"iteration":158,"passed_time":6.515875371,"remaining_time":1.680194278},
{"learn":[0.1466643311],"iteration":159,"passed_time":6.56129705,"remaining_time":1.640324263},
{"learn":[0.1466131114],"iteration":160,"passed_time":6.607740875,"remaining_time":1.600632883},
{"learn":[0.1465036705],"iteration":161,"passed_time":6.644884618,"remaining_time":1.558676639},
{"learn":[0.1464236588],"iteration":162,"passed_time":6.688470228,"remaining_time":1.518241708},
{"learn":[0.146262146],"iteration":163,"passed_time":6.724634198,"remaining_time":1.476139214},
{"learn":[0.1461910446],"iteration":164,"passed_time":6.763525832,"remaining_time":1.434687298},
{"learn":[0.1461649411],"iteration":165,"passed_time":6.796586953,"remaining_time":1.392072027},
{"learn":[0.1461476594],"iteration":166,"passed_time":6.830327735,"remaining_time":1.349705481},
{"learn":[0.1461096779],"iteration":167,"passed_time":6.870713176,"remaining_time":1.308707272},
{"learn":[0.14605932],"iteration":168,"passed_time":6.907747667,"remaining_time":1.267101643},
{"learn":[0.1460292584],"iteration":169,"passed_time":6.942596953,"remaining_time":1.225164168},
{"learn":[0.1458887549],"iteration":170,"passed_time":6.981136229,"remaining_time":1.183935384},
{"learn":[0.1458397679],"iteration":171,"passed_time":7.016953319,"remaining_time":1.142294726},
{"learn":[0.1457551841],"iteration":172,"passed_time":7.05194938,"remaining_time":1.100593256},
{"learn":[0.145683418],"iteration":173,"passed_time":7.094155129,"remaining_time":1.060046169},
{"learn":[0.1456027537],"iteration":174,"passed_time":7.131114422,"remaining_time":1.018730632},
{"learn":[0.1455737202],"iteration":175,"passed_time":7.164934453,"remaining_time":0.9770365164},
{"learn":[0.145438789],"iteration":176,"passed_time":7.204607177,"remaining_time":0.936191893},
{"learn":[0.1453736421],"iteration":177,"passed_time":7.240795494,"remaining_time":0.8949297802},
{"learn":[0.1452868913],"iteration":178,"passed_time":7.280273608,"remaining_time":0.8541103115},
{"learn":[0.1451975251],"iteration":179,"passed_time":7.31974236,"remaining_time":0.8133047066},
{"learn":[0.1451477774],"iteration":180,"passed_time":7.35425688,"remaining_time":0.7719938161},
{"learn":[0.1450864595],"iteration":181,"passed_time":7.394899246,"remaining_time":0.7313636617},
{"learn":[0.1450285656],"iteration":182,"passed_time":7.432026869,"remaining_time":0.6904068676},
{"learn":[0.1449066328],"iteration":183,"passed_time":7.467017345,"remaining_time":0.6493058561},
{"learn":[0.1448631291],"iteration":184,"passed_time":7.500859578,"remaining_time":0.6081778036},
{"learn":[0.1448228202],"iteration":185,"passed_time":7.540954221,"remaining_time":0.5675987048},
{"learn":[0.1447779109],"iteration":186,"passed_time":7.582043866,"remaining_time":0.5270939586},
{"learn":[0.1447617573],"iteration":187,"passed_time":7.614477608,"remaining_time":0.4860304856},
{"learn":[0.1446538747],"iteration":188,"passed_time":7.653919557,"remaining_time":0.4454662176},
{"learn":[0.1446341159],"iteration":189,"passed_time":7.687425346,"remaining_time":0.404601334},
{"learn":[0.144587626],"iteration":190,"passed_time":7.729610105,"remaining_time":0.3642224657},
{"learn":[0.1445356642],"iteration":191,"passed_time":7.765755175,"remaining_time":0.3235731323},
{"learn":[0.1444980084],"iteration":192,"passed_time":7.797645411,"remaining_time":0.2828161548},
{"learn":[0.1444475777],"iteration":193,"passed_time":7.835835172,"remaining_time":0.2423454177},
{"learn":[0.1443692936],"iteration":194,"passed_time":7.868445442,"remaining_time":0.2017550113},
{"learn":[0.1443538234],"iteration":195,"passed_time":7.901511051,"remaining_time":0.1612553276},
{"learn":[0.1442556145],"iteration":196,"passed_time":7.93963284,"remaining_time":0.1209081143},
{"learn":[0.1441593788],"iteration":197,"passed_time":7.974983994,"remaining_time":0.08055539388},
{"learn":[0.1441311489],"iteration":198,"passed_time":8.003946752,"remaining_time":0.04022083795},
{"learn":[0.1440693082],"iteration":199,"passed_time":8.041748363,"remaining_time":0}
]}